Region,Country,Year,Population,Christians,Muslims,Religiously_unaffiliated,Buddhists,Hindus,Jews,Other_religions,Level,Countrycode
World,All World,2010,7020588096,30.58475113,23.86979103,23.29216576,4.88203001,14.97799492,0.198186591,2.195080042,3,900
World,All World,2020,7885807101,28.77144623,25.64849091,24.16189003,4.111000538,14.93646812,0.187420741,2.183285475,3,900
Asia-Pacific,All Asia-Pacific,2010,4128253668,6.138702869,24.76325798,33.01929855,8.146677017,25.27858353,0.004394813,2.649086714,2,90001
Asia-Pacific,All Asia-Pacific,2020,4544798237,5.915315628,26.13237572,32.84532547,6.955449104,25.67131996,0.004071864,2.47614193,2,90001
Europe,All Europe,2010,741696839.5,74.6439209,5.295825481,18.70544624,0.271245599,0.222803295,0.187239438,0.673520207,2,90002
Europe,All Europe,2020,752957405.5,67.0872879,6.043626785,25.27668762,0.337282568,0.285890818,0.169624731,0.79960233,2,90002
Latin America-Caribbean,All Latin America-Caribbean,2010,588473795,90.10193634,0.120610297,7.84071207,0.057280544,0.112843089,0.07587067,1.690745592,2,90003
Latin America-Caribbean,All Latin America-Caribbean,2020,646240245,84.63140869,0.1165746,11.93833637,0.050572522,0.107598066,0.060482305,3.095029831,2,90003
Middle East-North Africa,All Middle East-North Africa,2010,355632195.5,3.318748951,93.96702576,0.370201856,0.018161742,0.56061095,1.621728301,0.143522158,2,90004
Middle East-North Africa,All Middle East-North Africa,2020,439686888,2.938188553,94.18347168,0.422702849,0.020175267,0.733124197,1.543917775,0.158422962,2,90004
North America,All North America,2010,345259688.5,77.18649292,1.124767542,17.18774986,1.147502303,0.675316036,1.751526475,0.926642179,2,90005
North America,All North America,2020,377608060.5,62.92947388,1.565952539,30.22527695,1.336791396,0.958019257,1.611756086,1.372728109,2,90005
Sub-Saharan Africa,All Sub-Saharan Africa,2010,861271909,61.72892761,31.98299217,3.087237358,0.006547061,0.155277565,0.009579205,3.029438257,2,90006
Sub-Saharan Africa,All Sub-Saharan Africa,2020,1124516265,62.01911545,32.78226471,2.591466904,0.006358556,0.130050495,0.004623499,2.466121435,2,90006
Asia-Pacific,Afghanistan,2010,28284088.5,0.100224391,99.74918365,0.00865241,0.01998632,0.00035474,0.000106422,0.121494696,1,4
Asia-Pacific,Afghanistan,2020,39068979,0.019379199,99.86196899,0.008456565,0.020000853,0.000128296,2.56593E-05,0.090042546,1,4
Europe,Albania,2010,2928721.5,20.28347015,70.1529007,9.537428856,0,0,0.009593685,0.016603233,1,8
Europe,Albania,2020,2871953.5,17.81565857,74.50722504,7.652887344,0.000158218,0.000707935,0.010049576,0.013315931,1,8
Middle East-North Africa,Algeria,2010,36188235.5,0.290679306,98.57145691,1.08472383,0.014109504,0,0.000151956,0.038876127,1,12
Middle East-North Africa,Algeria,2020,44042091,0.294989556,98.38234711,1.266207099,0.015000784,0,0.000129986,0.041328549,1,12
Sub-Saharan Africa,Angola,2010,23294825,91.57467651,0.166905507,4.476850033,0.00385205,0.013696176,0.002140027,3.761880159,1,24
Sub-Saharan Africa,Angola,2020,33451132.5,93.04470825,0.255656004,6.114808083,0.002393168,0.009273528,0.001196584,0.571967721,1,24
Latin America-Caribbean,Argentina,2010,41288693.5,88.07093048,1.000082135,9.727508545,0.029148331,0.002481744,0.442821056,0.727030873,1,32
Latin America-Caribbean,Argentina,2020,45191964.5,88.45394135,0.929196358,9.232909203,0.031062234,0.002573854,0.384978116,0.96533829,1,32
Asia-Pacific,Armenia,2010,2931078,97.5324707,0.023529492,1.206142187,0.006788191,0.004751734,0.003394095,1.222921848,1,51
Asia-Pacific,Armenia,2020,2890892.5,97.31269073,0.266757637,1.177880645,0.010692867,0.007485007,0.003564289,1.220932841,1,51
Latin America-Caribbean,Aruba,2010,100113.5001,82.22212982,0.179387391,5.612252235,0.478366375,0.249149159,0.352541417,10.9061718,1,533
Latin America-Caribbean,Aruba,2020,107400.5,81.42006683,0.33776018,5.873986721,0.544169188,0.281466812,0.354266971,11.18828392,1,533
Asia-Pacific,Australia,2010,22141580.5,67.11828613,2.475812912,24.85868263,2.727071762,1.444337487,0.496472239,0.879340172,1,36
Asia-Pacific,Australia,2020,25743791,46.75042343,3.503147364,42.34402084,2.611551523,2.963423014,0.420412093,1.40702188,1,36
Europe,Austria,2010,8365091.5,80.4365921,5.383095741,13.50526714,0.220994622,0.087822534,0.161903217,0.204323143,1,40
Europe,Austria,2020,8921405,68.19069672,8.302758217,22.39739227,0.296996266,0.11324697,0.060347393,0.638559401,1,40
Asia-Pacific,Azerbaijan,2010,9146850.5,1.638720155,97.12218475,1.068396449,0.002489931,0.008335858,0.159870267,0,1,31
Asia-Pacific,Azerbaijan,2020,10181730,0.419673085,94.72725677,4.759952545,0.002041818,0.006806061,0.084269956,0,1,31
Latin America-Caribbean,Bahamas,2010,367477.5,97.49794006,0.089345306,1.91579473,0,0.12499024,0.055772848,0.316156864,1,44
Latin America-Caribbean,Bahamas,2020,395862.5,97.58940125,0.085834786,1.856881499,0,0.12642616,0.049463592,0.291991353,1,44
Middle East-North Africa,Bahrain,2010,1213244,15.71869564,70.2177887,0.368229896,0.182837799,12.88137245,0.016314505,0.61476016,1,48
Middle East-North Africa,Bahrain,2020,1483077,13.6735096,74.02146912,0.320074171,0.159597144,11.20584488,0.014348853,0.605156124,1,48
Asia-Pacific,Bangladesh,2010,152201981.5,0.304379791,90.37450409,0,0.621577501,8.561435699,0,0.138101071,1,50
Asia-Pacific,Bangladesh,2020,166298024,0.300090015,91.06732178,0,0.61018306,7.90237093,0,0.120036013,1,50
Latin America-Caribbean,Barbados,2010,275243.5,76.59417725,0.717850387,20.80649376,0.101925299,0.471741289,0.046094559,1.261719942,1,52
Latin America-Caribbean,Barbados,2020,281698,77.34906769,0.706987023,20.13895226,0.106878333,0.462239921,0.045945168,1.18992877,1,52
Europe,Belarus,2010,9490751.5,93.84195709,0.256899625,4.980075359,0.038165011,0.005569584,0.129477412,0.747852147,1,112
Europe,Belarus,2020,9350944,85.13063812,0.262307256,13.77174568,0.037825391,0.005574159,0.074737325,0.717172384,1,112
Europe,Belgium,2010,10936625.5,61.10960007,5.112907887,32.01262283,0.144751668,0.118146814,0.276706636,1.225263715,1,56
Europe,Belgium,2020,11540107,50.97150421,6.811327934,38.98344803,0.178415298,0.232221946,0.250827819,2.572257042,1,56
Latin America-Caribbean,Belize,2010,320245,74.03388977,0.194919854,16.00658226,0.256414235,0.20103468,0.183169231,9.123989105,1,84
Latin America-Caribbean,Belize,2020,390811.5,74.36605072,0.180230439,15.62960529,0.253088772,0.195478454,0.197508112,9.178039551,1,84
Sub-Saharan Africa,Benin,2010,9797484,58.32691574,23.46452713,4.399120808,0.009401094,0.009422267,3.17604E-05,13.79058075,1,204
Sub-Saharan Africa,Benin,2020,13070169,53.23115921,31.40122795,4.885910034,0.008225815,0.008297001,6.32755E-05,10.46511555,1,204
Asia-Pacific,Bhutan,2010,701632,0.548139095,0.228651375,0.028466828,74.70137787,22.55322456,3.15132E-05,1.940111041,1,64
Asia-Pacific,Bhutan,2020,770006,0.550206244,0.222156405,0.043676686,74.73525238,22.50588036,5.71363E-05,1.942768097,1,64
Latin America-Caribbean,Bolivia,2010,10182345,95.70630646,0.008412181,3.988294363,0.017019995,0.003325746,0.034531184,0.2421076,1,68
Latin America-Caribbean,Bolivia,2020,11816299.5,88.92559814,0.009802146,9.547657967,0.01885028,0.003686277,0.004188951,1.490216374,1,68
Europe,Bosnia-Herzegovina,2010,3811471.5,46.45385742,51.27508163,1.106963634,0.00236153,0,0.013119613,1.148615599,1,70
Europe,Bosnia-Herzegovina,2020,3299349.5,44.67794418,53.64897919,1.045740604,0.002712135,0,0.015067414,0.609558046,1,70
Sub-Saharan Africa,Botswana,2010,2033110.5,80.46395111,0.716222227,14.66267681,0.248023421,0.143426448,0.004780882,3.760915279,1,72
Sub-Saharan Africa,Botswana,2020,2365893.5,82.29058838,0.33039239,14.72220898,0.228216156,0.137448832,0.00392711,2.287216187,1,72
Latin America-Caribbean,Brazil,2010,193701929.5,89.15826416,0.018563654,8.115718842,0.12678048,0.002994251,0.055669174,2.522007704,1,76
Latin America-Caribbean,Brazil,2020,208660842.5,80.65506744,0.017701255,13.47328377,0.103137359,0.000770417,0.044158481,5.705881596,1,76
Asia-Pacific,Brunei,2010,392332,8.68449688,78.79367065,0.156544909,7.836350441,1.340731382,0,3.188205004,1,96
Asia-Pacific,Brunei,2020,447403.5,6.693441868,82.15075684,0.156205788,6.296775341,1.335672617,0,3.367149591,1,96
Europe,Bulgaria,2010,7437598.5,81.3976059,9.981410027,8.407243729,0.019819338,0.001411629,0.049360912,0.143145353,1,100
Europe,Bulgaria,2020,6933652,79.49707794,10.25873566,10.0321579,0.026466111,0.002907086,0.045989148,0.136665002,1,100
Sub-Saharan Africa,Burkina Faso,2010,16176498,26.58106422,64.34294891,0.624300003,0.001551172,0.000744563,0,8.449393272,1,854
Sub-Saharan Africa,Burkina Faso,2020,21478689.5,28.00436592,67.40969849,0.575799108,0.001254494,0.000604015,0,4.008277893,1,854
Sub-Saharan Africa,Burundi,2010,9376444.5,95.40552521,2.074027777,1.859102368,0.00010957,0.007044393,0.00021914,0.653967619,1,108
Sub-Saharan Africa,Burundi,2020,12617036,94.98027802,2.993593693,1.25295496,0.000163663,0.007467602,0.000163663,0.765379548,1,108
Asia-Pacific,Cambodia,2010,14500726,0.371981323,1.904454947,0.093291819,96.92893219,0.00090507,0,0.700432837,1,116
Asia-Pacific,Cambodia,2020,16725473.5,0.316419482,2.0429039,0.079039522,97.09085846,0.000792835,0,0.469986796,1,116
Sub-Saharan Africa,Cameroon,2010,19668066,71.66581726,21.3280201,3.075546026,0.001808902,0.006340458,0.006340458,3.916128159,1,120
Sub-Saharan Africa,Cameroon,2020,26210558,69.8339386,25.15727043,2.079864502,0.00181991,0.007430334,0.00637948,2.913296461,1,120
North America,Canada,2010,34196898.5,67.24938202,3.249471426,23.85477829,1.105837107,1.585132122,1.000176191,1.955220342,1,124
North America,Canada,2020,38171902,53.32112503,4.887863159,34.62942886,1.73734796,1.524757147,0.923046291,2.976430178,1,124
Sub-Saharan Africa,Cape Verde,2010,509784.5,85.70175171,0.284123808,13.59159279,0.00575581,0.001534883,0.012854642,0.402387083,1,132
Sub-Saharan Africa,Cape Verde,2020,514679.5,78.29804993,0.312664807,20.61620522,0.005148977,0.001373061,0.012357545,0.754201949,1,132
Sub-Saharan Africa,Central African Republic,2010,4492995.5,89.76293182,8.395126343,0.99822861,0.002145892,0.001072946,0.003433427,0.837059915,1,140
Sub-Saharan Africa,Central African Republic,2020,5026628.5,90.67516327,6.241037846,0.452453792,0.001871601,0.002433081,0.003181721,2.623856306,1,140
Sub-Saharan Africa,Chad,2010,12312575,39.54836273,57.27845764,2.689516068,0.011265496,0.011265496,0,0.46113503,1,148
Sub-Saharan Africa,Chad,2020,17224679,38.89405441,56.35778046,3.13465786,0.010874331,0.009997175,0,1.592638016,1,148
Europe,Channel Islands,2010,158620,85.37067413,0.07824678,14.05988979,0.003458555,0.080060706,0.064853951,0.342814118,1,830
Europe,Channel Islands,2020,166235.5,85.20330048,0.079690456,14.21615696,0.003512441,0.081575029,0.066504717,0.349259347,1,830
Latin America-Caribbean,Chile,2010,17181464,86.02832031,0.007351141,13.58162022,0.016725965,0.004410685,0.163209602,0.198364034,1,152
Latin America-Caribbean,Chile,2020,19370624,68.32601929,0.066993728,30.26606369,0.038323306,0.005335507,0.081571691,1.215691566,1,152
Asia-Pacific,China,2010,1351561514,2.308143377,1.533653378,87.4220047,5.630384922,0.001662713,0.000228953,3.103920698,1,156
Asia-Pacific,China,2020,1426106093,1.78475678,1.821801543,89.6231308,3.742975712,0.00204179,0.000213027,3.025080681,1,156
Latin America-Caribbean,Colombia,2010,44777319,92.42011261,0.00301231,7.244157791,0.003614772,0.00091485,0.005801485,0.322387397,1,170
Latin America-Caribbean,Colombia,2020,50629997.5,86.2469635,0.003926908,9.943602562,0.009221531,0.001024615,0.004137866,3.791124821,1,170
Sub-Saharan Africa,Comoros,2010,654836,0.304251641,99.53784943,0.13002573,0,0.000762167,0,0.02710774,1,174
Sub-Saharan Africa,Comoros,2020,802163.5,0.50999999,98.30000305,0.129999995,0,0.00062022,0,1.059379816,1,174
Latin America-Caribbean,Costa Rica,2010,4555962,91.23590851,0.017740272,7.544550419,0.044134337,0.008870136,0.054086197,1.094713807,1,188
Latin America-Caribbean,Costa Rica,2020,5034320,87.85917664,0.025180042,10.09859562,0.048993725,0.009369318,0.050750472,1.907937527,1,188
Europe,Croatia,2010,4301145.5,93.6523819,1.540855169,4.672171593,0.022235209,0.011464562,0.012186487,0.088707931,1,191
Europe,Croatia,2020,3953958,90.85782623,1.372602701,6.657827854,0.022288118,0.011706879,0.015337282,1.062411189,1,191
Latin America-Caribbean,Cuba,2010,11297409,58.79412079,0.079992004,23.53764534,0.049995001,0.209978998,0.009999,17.31826782,1,192
Latin America-Caribbean,Cuba,2020,11176354,60.65393448,0.079992004,21.60783958,0.049995001,0.209978998,0.009999,17.3882618,1,192
Latin America-Caribbean,Curacao,2010,156879,90.65573883,0.492258787,5.882593155,0.31371662,1.99981153,0.193806157,0.462071747,1,531
Latin America-Caribbean,Curacao,2020,185018,90.61946869,0.496805102,5.926228046,0.348674119,1.986836076,0.19414404,0.4278467,1,531
Asia-Pacific,Cyprus,2010,1127816.5,65.53677368,26.57514763,6.483201504,0.637345552,0.283264667,0.041759547,0.442503721,1,196
Asia-Pacific,Cyprus,2020,1302247.5,67.7487793,24.3588028,6.57008934,0.557559073,0.266658694,0.043770704,0.454339713,1,196
Europe,Czech Republic,2010,10464035.5,30.02878761,0.189588875,68.53768158,0.105826624,0.02276182,0.025552208,1.089803815,1,203
Europe,Czech Republic,2020,10550129.5,26.41275787,0.327130884,72.81342316,0.068411015,0.016849395,0.025813967,0.335610092,1,203
Sub-Saharan Africa,Democratic Republic of the Congo,2010,68563037.5,96.4972229,1.205383658,1.421827912,0.000213107,0.001577757,0.000150622,0.873626471,1,180
Sub-Saharan Africa,Democratic Republic of the Congo,2020,95989998,96.26151276,1.270551205,1.175555229,0.000153266,0.001197573,0.000107697,1.290924907,1,180
Europe,Denmark,2010,5547862.5,80.1672287,3.194696188,14.49713802,0.498567879,0.304989249,0.148677945,1.188699007,1,208
Europe,Denmark,2020,5831530,76.90623474,4.219104767,16.63090706,0.656479597,0.435123563,0.106127203,1.046020389,1,208
Sub-Saharan Africa,Djibouti,2010,930251.5,1.345522642,97.41294861,1.11495316,0,0.040002666,0,0.086572863,1,262
Sub-Saharan Africa,Djibouti,2020,1105188.5,1.100098968,97.67207336,1.101313591,0,0.039979678,0,0.086538285,1,262
Latin America-Caribbean,Dominican Republic,2010,9820175,84.92118073,0.019640427,14.94174099,0.034063864,0.007569748,0.001022939,0.074783213,1,214
Latin America-Caribbean,Dominican Republic,2020,11008300,77.63658142,0.024818942,19.60108948,0.042546757,0.006363831,0.000909119,2.687689304,1,214
Latin America-Caribbean,Ecuador,2010,15076695,95.56450653,0.014276579,4.269433975,0.017078524,0.008672688,0.004002779,0.122032568,1,218
Latin America-Caribbean,Ecuador,2020,17546064.5,88.52362061,0.018136753,8.391396523,0.022002894,0.007959703,0.003411301,3.033472061,1,218
Middle East-North Africa,Egypt,2010,89196072.5,5.084518433,94.90718842,0.0045844,2.09523E-05,6.28542E-05,0.000396393,0.003230284,1,818
Middle East-North Africa,Egypt,2020,109315123.5,4.821415901,95.17256927,0.004652523,5.40333E-05,0.000170961,0.000214229,0.000923006,1,818
Latin America-Caribbean,El Salvador,2010,6068249.5,88.34280396,0.003271163,11.62399292,0.006542325,0.001799139,0.001635581,0.019954091,1,222
Latin America-Caribbean,El Salvador,2020,6234673.5,87.10838318,0.003496097,11.88199902,0.006674367,0.001906962,0.001589135,0.995953739,1,222
Sub-Saharan Africa,Equatorial Guinea,2010,1189085,88.68035889,4.048071861,4.987300873,0.002740916,0.049927879,0.003654555,2.227944136,1,226
Sub-Saharan Africa,Equatorial Guinea,2020,1716468.5,88.68036652,4.048058987,4.98730135,0.04323177,0.049927894,0.062654741,2.128455639,1,226
Sub-Saharan Africa,Eritrea,2010,2945186.5,47.0705452,51.27932739,1.038851142,0.000953069,0.02663576,0.00031769,0.583367586,1,232
Sub-Saharan Africa,Eritrea,2020,3291270.5,46.6711731,51.66958237,1.061151981,0.000843676,0.030002011,0.000281225,0.566967666,1,232
Europe,Estonia,2010,1331448.5,61.18571091,0.498735726,31.50699997,0.125595614,0.058804311,0.205762431,6.418391228,1,233
Europe,Estonia,2020,1329669.5,52.61386108,0.598115027,43.60287857,0.196146205,0.062808216,0.135394946,2.790795803,1,233
Sub-Saharan Africa,Eswatini,2010,1111650,93.13148499,0.336388111,3.987750292,0.023638083,0.13637355,0.01818314,2.36618042,1,748
Sub-Saharan Africa,Eswatini,2020,1192729.5,93.2284317,0.135700136,6.155977249,0.022890331,0.127168506,0.0169558,0.312879413,1,748
Sub-Saharan Africa,Ethiopia,2010,90538513.5,62.55389786,34.79376221,0.062757298,0.00117228,0.002468538,0.00626561,2.579677582,1,231
Sub-Saharan Africa,Ethiopia,2020,118917671.5,61.57827377,36.24017715,0.062328301,0.001163285,0.002422591,0.004776543,2.110861063,1,231
Asia-Pacific,Federated States of Micronesia,2010,107539.501,98.78705597,0.001932067,0.700653851,0.083652839,0.008744567,0,0.417957932,1,583
Asia-Pacific,Federated States of Micronesia,2020,110916.501,98.8032608,0.001957694,0.684671223,0.083652839,0.008626352,0,0.41783303,1,583
Asia-Pacific,Fiji,2010,910419,65.53061676,6.268487453,0.255071163,0.061866865,27.11120605,0.018781014,0.753971398,1,242
Asia-Pacific,Fiji,2020,914963,69.51997375,5.780370712,0.251333505,0.064101033,24.10296059,0.020642705,0.260621518,1,242
Europe,Finland,2010,5363350.5,81.82421875,0.818588078,16.57051277,0.168797016,0.062930189,0.051536109,0.503421724,1,246
Europe,Finland,2020,5529612,72.28497314,1.610194445,25.04721832,0.314537853,0.147366583,0.062084887,0.533625603,1,246
Europe,France,2010,63417362.5,57.09673691,6.625971794,34.48221207,0.517911732,0.096085221,0.77188462,0.409195036,1,250
Europe,France,2020,65905277.5,46.46761322,9.097817421,42.64575195,0.71300137,0.127766788,0.691686749,0.256361872,1,250
Latin America-Caribbean,French Guiana,2010,234564.5,84.53321075,0.89661628,3.330902576,0.599684417,1.563838005,0.045013648,9.030734062,1,254
Latin America-Caribbean,French Guiana,2020,289055.5,84.19790649,0.917363584,3.407637596,0.601437628,1.600029469,0.040511314,9.235111237,1,254
Asia-Pacific,French Polynesia,2010,270580,93.53176117,0.369994491,4.922085762,0.092329718,0.070475146,0.057008278,0.95634681,1,258
Asia-Pacific,French Polynesia,2020,279209,93.44609833,0.324589819,5.035518169,0.093618087,0.062930681,0.053901322,0.983344495,1,258
Sub-Saharan Africa,Gabon,2010,1719879,86.03609467,5.448763371,7.794300079,0,0,0,0.720840156,1,266
Sub-Saharan Africa,Gabon,2020,2322539,83.74291992,8.6376791,5.762040138,0,0,0,1.857362628,1,266
Sub-Saharan Africa,Gambia,2010,1926629.5,3.456587553,96.23338318,0.030874807,0,0.072679408,0,0.206475586,1,270
Sub-Saharan Africa,Gambia,2020,2515733.5,2.893367529,97.00270844,0.017932352,0,0.066045195,0,0.019944005,1,270
Europe,Georgia,2010,3895924.5,88.57878113,10.66631889,0.437617511,0.011128976,0.011311418,0.048188806,0.246654943,1,268
Europe,Georgia,2020,3795678,88.17262268,10.46078014,0.988308668,0.011647883,0.012154249,0.044509161,0.309977889,1,268
Europe,Germany,2010,80830924,62.2303009,5.141801357,31.81594849,0.322043866,0.126234323,0.146326303,0.21734415,1,276
Europe,Germany,2020,83628708.5,56.23487854,6.548741341,36.14769745,0.343751937,0.156519756,0.141607389,0.426800668,1,276
Sub-Saharan Africa,Ghana,2010,25474994.5,71.08795166,17.66755676,5.270244122,0,0,0,5.974249363,1,288
Sub-Saharan Africa,Ghana,2020,31887809,71.28790283,19.87060738,1.068349838,0,0,0,7.773138046,1,288
Europe,Greece,2010,11124670,91.24494171,4.503005981,3.676095247,0.018624619,0.072504595,0.040783837,0.444042325,1,300
Europe,Greece,2020,10699369,89.47636414,5.120216846,4.742371082,0.024676016,0.085614547,0.039002184,0.511751652,1,300
Latin America-Caribbean,Grenada,2010,111586,87.4744339,0.394664824,5.773053169,0,0.201653555,0,6.156195164,1,308
Latin America-Caribbean,Grenada,2020,116341,87.4744339,0.394664824,5.773053169,0,0.201653555,0,6.156195164,1,308
Latin America-Caribbean,Guadeloupe,2010,408812,95.81531525,0.374623805,2.507497549,0.213361651,0.506271958,0.359737664,0.223195165,1,312
Latin America-Caribbean,Guadeloupe,2020,407394,95.86734772,0.369981557,2.476424694,0.207258075,0.499920875,0.353855252,0.225208938,1,312
Asia-Pacific,Guam,2010,166521.5,94.1563797,0.030575955,1.647024751,1.062261939,0,0,3.103757381,1,316
Asia-Pacific,Guam,2020,162158,94.01657867,0.030216314,1.833122969,1.050461292,0,0,3.06962204,1,316
Latin America-Caribbean,Guatemala,2010,14500112.5,92.99160004,0.002544158,6.086092472,0.005088316,0.001237699,0.006188493,0.907251775,1,320
Latin America-Caribbean,Guatemala,2020,17357325.5,91.95026398,0.002706949,6.020942211,0.005471494,0.001324677,0.00518352,2.014109135,1,320
Sub-Saharan Africa,Guinea,2010,10396086,8.469569206,87.87899017,3.361628532,0.090003364,0,0,0.199807703,1,324
Sub-Saharan Africa,Guinea,2020,13371183,11.70807648,86.80789185,1.319620252,0.085958868,0,0,0.078451402,1,324
Sub-Saharan Africa,Guinea-Bissau,2010,1566346.5,26.19481087,53.72446442,2.414555311,0,0,0,17.66617012,1,624
Sub-Saharan Africa,Guinea-Bissau,2020,2013255,21.71777916,55.97904205,11.62231159,0,0,0,10.68086529,1,624
Latin America-Caribbean,Guyana,2010,749256.5,63.89891815,6.770055771,3.13450551,0.026740417,24.82564354,0.012033188,1.332105637,1,328
Latin America-Caribbean,Guyana,2020,807481.5,65.87551117,6.504891396,2.908345699,0.03135968,23.3990097,0.037631616,1.243247032,1,328
Latin America-Caribbean,Haiti,2010,9803294,91.05142212,0.001930329,7.634363651,0.003352677,0,0.002235118,1.306692362,1,332
Latin America-Caribbean,Haiti,2020,11243848,88.71865845,0.001857289,9.434687614,0.003183924,0,0.002122616,1.839487433,1,332
Latin America-Caribbean,Honduras,2010,8365877.5,90.11083221,0.002366603,9.565057755,0.129644707,0,0.011833014,0.180267453,1,340
Latin America-Caribbean,Honduras,2020,10119640.5,88.47241211,0.002766317,9.74390316,0.005433836,0.001284361,0.005927821,1.768275499,1,340
Asia-Pacific,Hong Kong,2010,7101617,18.57128906,0.104976788,68.19392395,11.86237717,0.104976788,0.007711249,1.154744625,1,344
Asia-Pacific,Hong Kong,2020,7490235.5,18.74611092,0.268034786,71.3547821,8.411982536,0.303390741,0.03234078,0.883353889,1,344
Europe,Hungary,2010,9979128.5,72.55506134,0.061702371,24.98338318,0.124192946,0.035343461,0.151578501,2.088737488,1,348
Europe,Hungary,2020,9749456.5,72.36884308,0.139223918,26.97590637,0.192222267,0.057621021,0.132964462,0.133217916,1,348
Europe,Iceland,2010,318158,81.28427124,0.723289132,15.87091827,0.421602756,0.125995174,0.094193012,1.479731798,1,352
Europe,Iceland,2020,366614,74.91873932,1.212648392,19.84541512,1.33994174,0.160479277,0.155474246,2.367298365,1,352
Asia-Pacific,India,2010,1243481564,2.309820175,14.26481247,0.002767197,0.698959231,79.97396088,0.000367887,2.749312162,1,356
Asia-Pacific,India,2020,1402617696,2.214620113,15.19001579,0.003259997,0.680662572,79.36618805,0.000301379,2.544952393,1,356
Asia-Pacific,Indonesia,2010,246305322,9.876195908,87.53216553,0.099378057,0.721183062,1.693956137,5.8936E-06,0.07711897,1,360
Asia-Pacific,Indonesia,2020,274814865.5,10.26230717,86.96417999,0.092005208,0.677527726,1.584296703,0.001059009,0.418626547,1,360
Asia-Pacific,Iran,2010,77420842.5,0.157182261,99.73181152,0,0,0,0.011692788,0.099316582,1,364
Asia-Pacific,Iran,2020,87723443,0.14260982,99.77310944,5.01292E-05,1.87587E-05,0.000219217,0.009242157,0.074749671,1,364
Middle East-North Africa,Iraq,2010,31045366,0.636672914,99.23440552,0.000895574,0,0.000479772,0,0.127544075,1,368
Middle East-North Africa,Iraq,2020,42116604.5,0.374980688,99.49835968,0.000798929,0,0.000493456,0,0.125364259,1,368
Europe,Ireland,2010,4559080,91.86814117,1.090392947,6.144365311,0.192679852,0.236867964,0.02652177,0.441032231,1,372
Europe,Ireland,2020,4982606.5,81.21601868,1.691199064,15.6012392,0.193803862,0.694914162,0.054588255,0.548237681,1,372
Middle East-North Africa,Israel,2010,7336735,1.964361548,13.85749912,3.576563597,0.051385254,0.199271202,78.49975586,1.851163983,1,376
Middle East-North Africa,Israel,2020,8800376,1.879276514,14.73149681,4.374664307,0.042839181,0.166129664,77.0493927,1.756201863,1,376
Europe,Italy,2010,60164213,88.4956665,3.415664911,6.738992691,0.41805926,0.300039828,0.0750653,0.556514144,1,380
Europe,Italy,2020,59912769,80.47179413,4.419428349,13.27242947,0.613567829,0.425853163,0.071020424,0.725903451,1,380
Sub-Saharan Africa,Ivory Coast,2010,22488064.5,40.79904556,43.72231293,10.00831509,0,0,0,5.470327854,1,384
Sub-Saharan Africa,Ivory Coast,2020,28915449.5,44.91496658,46.32071686,5.564354897,0,0,0,3.19996047,1,384
Latin America-Caribbean,Jamaica,2010,2748567.5,70.44303894,0.016460026,21.84929657,0,0.03840673,0.007315567,7.645484924,1,388
Latin America-Caribbean,Jamaica,2020,2830739,68.61232758,0.015954982,23.74363899,0.001242755,0.036873739,0.017727759,7.57223177,1,388
Asia-Pacific,Japan,2010,128185275,2.208920956,0.158718973,52.17994308,41.79790497,0.024834789,0.001321784,3.628358364,1,392
Asia-Pacific,Japan,2020,126304543,2.249630213,0.16997391,57.45616913,37.20560837,0.031737354,0.001376222,2.885504961,1,392
Middle East-North Africa,Jordan,2010,7297043.5,3.3538661,96.46387482,0.075166725,0.028421966,0.063812368,0,0.014860217,1,400
Middle East-North Africa,Jordan,2020,10865227.5,2.809163332,97.08689117,0.047398046,0.018849416,0.027908115,0,0.009790716,1,400
Asia-Pacific,Kazakhstan,2010,16836810.5,27.32284164,69.66152954,2.864628315,0.094393596,0,0.033940181,0.022663796,1,398
Asia-Pacific,Kazakhstan,2020,19482117,19.29185677,77.90452576,2.534446478,0.091090441,0,0.042062771,0.13601622,1,398
Sub-Saharan Africa,Kenya,2010,41598566.5,83.121315,11.22477722,2.404452324,0.00072258,0.139222458,0.00096344,3.108549833,1,404
Sub-Saharan Africa,Kenya,2020,52217333.5,85.67028809,10.93115425,1.603437185,0.000961802,0.127907932,0.000577081,1.665675163,1,404
Asia-Pacific,Kiribati,2010,108704.001,97.3169632,0.102870002,0.045471456,0,0,0,2.53469348,1,296
Asia-Pacific,Kiribati,2020,126099.001,97.57009888,0.08540649,0.100478217,0,0,0,2.244013548,1,296
Europe,Kosovo,2010,1788742.5,6.089845657,93.75791168,0.14943783,0,0,0.002802875,0,1,412
Europe,Kosovo,2020,1751417,5.598325253,94.26040649,0.139033571,0,0,0.002231373,0,1,412
Middle East-North Africa,Kuwait,2010,2943371.5,9.40346241,82.55859375,0.23564969,0.108175986,7.380530834,0.010736058,0.302851975,1,414
Middle East-North Africa,Kuwait,2020,4400144,10.53036976,80.23990631,0.248254478,0.121455498,8.504200935,0.010824583,0.34498772,1,414
Asia-Pacific,Kyrgyzstan,2010,5491760.5,7.722026348,90.55289459,1.597296119,0.10297925,0.01568263,0.009117808,0,1,417
Asia-Pacific,Kyrgyzstan,2020,6664139.5,5.753356934,91.71746826,1.16977489,0.032685466,0.009338705,0.004669352,1.312705517,1,417
Asia-Pacific,Laos,2010,6334194,0.695829511,0.061050959,0.064657912,63.97875214,0,0,35.19970703,1,418
Asia-Pacific,Laos,2020,7346532.5,1.539444566,0.022150202,0.052833665,64.16296387,0,0,34.22260666,1,418
Europe,Latvia,2010,2097831,82.88639832,0.700537086,10.9948616,0.072804086,0.019985434,0.309298396,5.016117573,1,428
Europe,Latvia,2020,1901123.5,77.26760101,0.670408607,16.97382164,0.069054514,0.043224961,0.226667479,4.749224663,1,428
Middle East-North Africa,Lebanon,2010,5041288,33.83872223,62.31577301,0.017434647,0.006905802,0.016173588,0.008487131,3.796503305,1,422
Middle East-North Africa,Lebanon,2020,5702397.5,27.906147,67.78356171,0.018806541,0.00663968,0.017323207,0.005650791,4.261873722,1,422
Sub-Saharan Africa,Lesotho,2010,1996251,97.32313538,0.136142284,1.455251098,0,0.02471886,0.002471886,1.058280349,1,426
Sub-Saharan Africa,Lesotho,2020,2235726.5,97.32347107,0.218460709,1.664903402,2.26578E-05,0.044363603,0.00443636,0.744344056,1,426
Sub-Saharan Africa,Liberia,2010,4058890,85.7440567,12.05202579,1.453091621,0,0.007462768,0,0.743360579,1,430
Sub-Saharan Africa,Liberia,2020,5149463.5,85.16896057,12.72352505,1.066497684,0,0.005896708,0,1.035118818,1,430
Middle East-North Africa,Libya,2010,6497839,2.632474422,96.81859589,0.096548431,0.280857772,0.088970579,0.001925402,0.080628246,1,434
Middle East-North Africa,Libya,2020,7045399,0.524617851,98.99452209,0.049393948,0.258001149,0.089997694,0.001906484,0.081556775,1,434
Europe,Lithuania,2010,3097719.5,92.48455048,0.099761978,6.828612328,0.02421139,0.008601415,0.044943765,0.509320498,1,440
Europe,Lithuania,2020,2795764.5,92.15046692,0.089217022,7.080081463,0.025529502,0.018437974,0.037046697,0.599219263,1,440
Europe,Luxembourg,2010,507410,74.39080811,0.731000602,20.19783211,0.128187552,0.134227157,0.212965235,4.20497942,1,442
Europe,Luxembourg,2020,630597,65.88789368,1.828941822,25.28631973,0.479477018,0.360089123,0.486133814,5.671145439,1,442
Asia-Pacific,Macao,2010,562805.5,10.13042355,0.351697564,67.69850159,19.57899284,0,0,2.240382195,1,446
Asia-Pacific,Macao,2020,683066.5,10.11777306,0.476132035,67.6139679,19.55454254,0,0,2.237584591,1,446
Sub-Saharan Africa,Madagascar,2010,22183340.5,69.96260834,0.630331099,22.45296288,0.029911114,0.059822228,0.000460171,6.863905907,1,450
Sub-Saharan Africa,Madagascar,2020,28953556.5,74.2053833,1.159488678,22.29583359,0.027457755,0.063666567,0.000354294,2.247811079,1,450
Sub-Saharan Africa,Malawi,2010,14826463,86.94096375,11.61726093,0.973016381,0.002717683,0.05843018,0.003397103,0.404212981,1,454
Sub-Saharan Africa,Malawi,2020,19533887.5,87.36235809,11.55190372,0.941342056,0.001548222,0.069153935,0.001548222,0.072149709,1,454
Asia-Pacific,Malaysia,2010,28655776.5,9.249741554,61.30461502,1.688032866,19.81785011,6.279292107,0,1.66046834,1,458
Asia-Pacific,Malaysia,2020,33889558.5,9.153184891,64.11719513,0.844678819,18.87560844,6.122179031,0,0.887154043,1,458
Asia-Pacific,Maldives,2010,360792,1.606983304,94.12313843,0.077439092,1.346873403,2.513082981,0,0.332484245,1,462
Asia-Pacific,Maldives,2020,502118.5,1.646034002,94.07234955,0.068035409,1.323037267,2.541087389,0,0.349455655,1,462
Sub-Saharan Africa,Mali,2010,15945198,3.47059083,94.03171539,1.396924734,0,0,0,1.100771189,1,466
Sub-Saharan Africa,Mali,2020,21713835.5,2.571752548,94.13371277,2.525307894,0,0,0,0.769227386,1,466
Europe,Malta,2010,422650.5,97.05687714,0.158912003,2.541576862,0.078805029,0.08358109,0.0146342,0.065609798,1,470
Europe,Malta,2020,518206.5,88.59967804,3.643014431,5.24495554,0.606907308,1.415327311,0.286915153,0.203198671,1,470
Latin America-Caribbean,Martinique,2010,397383.5,96.40354156,0.210978389,2.405489683,0.03891645,0.230853423,0,0.710223317,1,474
Latin America-Caribbean,Martinique,2020,356614.5,96.04039764,0.216913387,2.734600782,0.039971754,0.237432212,0,0.730683625,1,474
Sub-Saharan Africa,Mauritania,2010,3390964.5,0.271421224,99.12471771,0.10231813,0,0,0.002924438,0.498615265,1,478
Sub-Saharan Africa,Mauritania,2020,4600131,0.233780533,99.18540192,0.106502414,0,0,0.002222912,0.472091347,1,478
Sub-Saharan Africa,Mauritius,2010,1282709.5,32.76852036,17.39204025,0.732601166,0.39837411,48.51428986,0.003350658,0.190824479,1,480
Sub-Saharan Africa,Mauritius,2020,1283223,32.85668945,17.51187134,0.753329694,0.395097852,48.28931046,0.003313229,0.190386906,1,480
Sub-Saharan Africa,Mayotte,2010,207421.5,0.661664665,98.66365051,0.214487642,0,0,0,0.460194737,1,175
Sub-Saharan Africa,Mayotte,2020,284370.5,0.52160269,98.83876801,0.179610208,0,0,0,0.460022062,1,175
Latin America-Caribbean,Mexico,2010,113623895,95.01799774,0.003439206,4.828783512,0.012810351,0.001766544,0.061566554,0.073639832,1,484
Latin America-Caribbean,Mexico,2020,126799054.5,89.17308044,0.006285933,10.63434982,0.018263193,0.00391715,0.046796679,0.117304102,1,484
Europe,Moldova,2010,3631991.5,97.87239075,0.132778168,1.306221604,0.003534351,0,0.023544269,0.661532283,1,498
Europe,Moldova,2020,3069131,99.53434753,0.181239218,0.233855382,0.003565817,0,0.019609634,0.027385129,1,498
Asia-Pacific,Mongolia,2010,2701732,2.147909641,3.297368288,37.44565582,53.8843956,0.0029602,0,3.221713066,1,496
Asia-Pacific,Mongolia,2020,3290785.5,1.342484832,3.526082993,40.82786942,51.1350975,0.003035514,0,3.165430069,1,496
Europe,Montenegro,2010,632088.5,77.53647614,19.62396431,1.269519925,0,0,0,1.570043087,1,499
Europe,Montenegro,2020,607935,76.04615784,21.30711365,1.143437266,0,0,0,1.50329268,1,499
Middle East-North Africa,Morocco,2010,32467015.5,0.096848242,99.65975189,0.13053523,0,0,0.010835662,0.102028042,1,504
Middle East-North Africa,Morocco,2020,36584208,0.085476898,99.67552185,0.130789146,0,0,0.006179804,0.10203585,1,504
Sub-Saharan Africa,Mozambique,2010,22999235,56.33591461,17.99086761,18.94782257,0.002080288,0.043339342,0,6.679975033,1,508
Sub-Saharan Africa,Mozambique,2020,30783688,61.33995056,19.427248,14.28753757,0.001603683,0.032073654,0,4.911586761,1,508
Asia-Pacific,Myanmar,2010,49024382,6.205628872,4.576945305,0.064344577,87.62619019,0.57656014,0.000162055,0.9501701,1,104
Asia-Pacific,Myanmar,2020,53016521.5,6.135730743,3.345355749,0.058647044,89.05110168,0.439414382,0.000187185,0.969559908,1,104
Sub-Saharan Africa,Namibia,2010,2109810.5,96.14958191,0.066583775,0.224097788,0.033344917,0.057162713,0.004763559,3.464463472,1,516
Sub-Saharan Africa,Namibia,2020,2728761.5,90.53588104,0.11899709,5.631341934,0.028122637,0.052227754,0.00401752,3.629415035,1,516
Asia-Pacific,Nepal,2010,27341952.5,1.405996203,4.400880337,0.001877653,9.038227081,81.52294159,0,3.630074739,1,524
Asia-Pacific,Nepal,2020,28966574.5,1.758354902,5.08394146,0.001294779,8.208739281,81.18401337,0,3.763658047,1,524
Europe,Netherlands,2010,16771235,42.72736359,5.000281334,45.54164124,0.236897826,0.49569571,0.179520383,5.818600655,1,528
Europe,Netherlands,2020,17636731,35.10305786,5.500672817,54.11624146,0.298789322,0.562808275,0.175035015,4.243393421,1,528
Asia-Pacific,New Caledonia,2010,261582,85.62215424,2.765967607,9.990888596,0.62630707,0,0.039668046,0.95501107,1,540
Asia-Pacific,New Caledonia,2020,284176.5,85.1028595,2.760157108,10.52397442,0.624888361,0,0.035027374,0.95309484,1,540
Asia-Pacific,New Zealand,2010,4347770.5,49.11395264,1.198270321,44.18071365,1.515010715,2.335584402,0.143423855,1.513047576,1,554
Asia-Pacific,New Zealand,2020,5069895,40.32331467,1.359425902,51.35481262,1.192508101,2.788676023,0.110793501,2.870469809,1,554
Latin America-Caribbean,Nicaragua,2010,5737450,86.92044067,0.004781638,12.47665787,0.00426932,0,0.001707728,0.592141986,1,558
Latin America-Caribbean,Nicaragua,2020,6565267,84.80610657,0.004588585,13.30416298,0.004292547,0,0.001480189,1.879365325,1,558
Sub-Saharan Africa,Niger,2010,16548834.5,1.113411784,98.5844574,0.212664753,0,0,0,0.08946602,1,562
Sub-Saharan Africa,Niger,2020,23717613.5,0.556236327,98.13329315,1.2242167,0,0,0,0.08625342,1,562
Sub-Saharan Africa,Nigeria,2010,166642885.5,44.39326477,54.54431915,0.423864573,0.0006213,0.00018639,6.213E-05,0.637677431,1,566
Sub-Saharan Africa,Nigeria,2020,213996181,43.35137558,56.06650925,0.379311502,0.000480014,0.000144004,4.80014E-05,0.202133209,1,566
Asia-Pacific,North Korea,2010,24987258.5,0.398057818,0.010000734,72.85244751,1.516941786,0.001458291,0,25.22109604,1,408
Asia-Pacific,North Korea,2020,26136312,0.384034067,0.010000302,72.86754608,1.516872644,0.001585003,0,25.21996498,1,408
Europe,North Macedonia,2010,2051505,65.1894455,33.33000183,1.433030009,0.011462259,0,0.004775941,0.03128583,1,807
Europe,North Macedonia,2020,1872015.5,64.68531799,34.72726059,0.515654862,0.011368634,0,0.004736931,0.05566274,1,807
Europe,Norway,2010,4889162,78.81320953,2.519629717,14.67798519,0.531725526,0.152973339,0.114491686,3.189986467,1,578
Europe,Norway,2020,5379273.5,71.42243958,4.113745213,22.4515419,0.687752903,0.230490178,0.096250214,0.997784615,1,578
Middle East-North Africa,Oman,2010,2757446,4.374836922,90.12530518,0.07609529,0.060792953,5.16892767,0.003851608,0.190186173,1,512
Middle East-North Africa,Oman,2020,4522496.5,8.071033478,81.78730011,0.140269518,0.112074755,9.531416893,0.0070652,0.3508389,1,512
Asia-Pacific,Pakistan,2010,199239047,1.484067321,96.68557739,0.013764118,0.010586156,1.763082147,9.46306E-05,0.042830002,1,586
Asia-Pacific,Pakistan,2020,235001746,1.271847963,96.54430389,0.012734034,0.010499283,2.139701843,9.09027E-05,0.020821461,1,586
Middle East-North Africa,Palestinian territories,2010,4016915.5,1.179088593,98.79382324,0,0,0,0,0.027085455,1,275
Middle East-North Africa,Palestinian territories,2020,5069692,1.004518867,98.96581268,0,0,0,0,0.029666502,1,275
Latin America-Caribbean,Panama,2010,3628535,93.11482239,0.041196369,6.018229008,0.140342295,0.078822389,0.219713971,0.386870384,1,591
Latin America-Caribbean,Panama,2020,4293261,91.15790558,0.053109758,6.21044302,0.171386138,0.093144633,0.232861593,2.081149578,1,591
Asia-Pacific,Papua New Guinea,2010,7633523,99.52021027,0.09362717,0.371655703,0.00356047,0.002769254,0.001318692,0.006857201,1,598
Asia-Pacific,Papua New Guinea,2020,9815745.5,99.08984375,0.074771993,0.310512781,0.002769333,0.002256494,0.001025679,0.518817782,1,598
Latin America-Caribbean,Paraguay,2010,5737971.5,96.75906372,0.012307986,0.492019206,0.026002787,0,0.015601672,2.695009232,1,600
Latin America-Caribbean,Paraguay,2020,6603739.5,93.52775574,0.011331539,4.247684002,0.022663077,0,0.016619591,2.173946381,1,600
Latin America-Caribbean,Peru,2010,29086019.5,93.94261169,0.009374068,2.811420202,0.010810969,0.002565895,0.006500266,3.216718912,1,604
Latin America-Caribbean,Peru,2020,32838579.5,94.49199677,0.021588508,5.106701851,0.031947389,0.009488135,0.005704891,0.332569689,1,604
Asia-Pacific,Philippines,2010,96337125,91.77424622,5.571123123,0.07581,0.036526319,0.001283056,0.000434807,2.540578127,1,608
Asia-Pacific,Philippines,2020,112081264,91.46120453,6.462348461,0.041135743,0.036360435,0.001328647,0.000452259,1.997168183,1,608
Europe,Poland,2010,38095351.5,97.26747894,0.013087096,2.65095377,0.013714613,0.004145362,0.008290724,0.042328954,1,616
Europe,Poland,2020,38171012,91.18841553,0.007315581,8.645580292,0.010713195,0.005204489,0.0117101,0.131059557,1,616
Europe,Portugal,2010,10578660,91.76418304,0.251309514,7.227894783,0.175663918,0.188885927,0.035970528,0.356090009,1,620
Europe,Portugal,2020,10370519,85.07437134,0.40882951,13.78093719,0.199211225,0.219034374,0.03268465,0.284928471,1,620
Latin America-Caribbean,Puerto Rico,2010,3714836,88.94355774,0.102098256,10.31827736,0.257923722,0.123471275,0.040175036,0.214497626,1,630
Latin America-Caribbean,Puerto Rico,2020,3275805,88.83818817,0.108367637,10.37991905,0.2200782,0.117986366,0.045849621,0.289612591,1,630
Middle East-North Africa,Qatar,2010,1709229.5,13.35215282,74.6283493,0.300321162,0.168777451,11.09046459,0.012372345,0.447563738,1,634
Middle East-North Africa,Qatar,2020,2803375,12.54836273,75.89176178,0.273621351,0.218447864,10.62953568,0.010868053,0.427404314,1,634
Sub-Saharan Africa,Republic of the Congo,2010,4462290,91.8077774,1.485110283,5.632242203,0.003943321,0.003154657,0.002027994,1.065744162,1,178
Sub-Saharan Africa,Republic of the Congo,2020,5752790.5,92.22653961,1.464704514,5.199188709,0.003945863,0.003507434,0.001929089,1.100183725,1,178
Sub-Saharan Africa,Reunion,2010,844471.5,87.36494446,4.246468544,2.060524464,0.189157948,4.596153736,0.089874461,1.452873468,1,638
Sub-Saharan Africa,Reunion,2020,861446,87.53289032,4.166834354,2.08710289,0.185634434,4.50995636,0.083522782,1.434055567,1,638
Europe,Romania,2010,20432574,99.27075958,0.340894729,0.209845245,0.007130489,0.001721153,0.047208756,0.122443303,1,642
Europe,Romania,2020,19392469,98.54199982,0.355796516,0.939600706,0.029729392,0.019956755,0.045262743,0.067656629,1,642
Europe,Russia,2010,143934465.5,77.08773804,8.623188019,13.03043938,0.363892227,0.072866254,0.138209268,0.683669448,1,643
Europe,Russia,2020,146371298.5,69.92578888,8.193008423,20.19824409,0.35243994,0.071238369,0.084050812,1.175231457,1,643
Sub-Saharan Africa,Rwanda,2010,10317553.5,96.87322998,1.321907043,0.896331549,0,0.004850117,0,0.903678656,1,646
Sub-Saharan Africa,Rwanda,2020,13065837,97.03359985,1.807573557,1.007935405,0,0.003803334,0,0.147086799,1,646
Asia-Pacific,Samoa,2010,193022.5,98.61064911,0.041094869,0.144816697,0.056505445,0.051368587,0.015410576,1.080153823,1,882
Asia-Pacific,Samoa,2020,211944,97.63423157,0.02529713,0.064215787,0.037221506,0.037221506,0.009305377,2.192506075,1,882
Sub-Saharan Africa,Sao Tome and Principe,2010,181802,82.29602051,0.164709821,12.45075798,0,0,0,5.088508129,1,678
Sub-Saharan Africa,Sao Tome and Principe,2020,217434.5,84.43590546,0.091474153,9.693238258,0,0,0,5.779380798,1,678
Middle East-North Africa,Saudi Arabia,2010,25157128.5,3.353214979,94.40605927,0.085883543,0.056653894,2.005758047,0.002104589,0.090323918,1,682
Middle East-North Africa,Saudi Arabia,2020,30991207,4.377707958,92.69380188,0.112103462,0.07348647,2.622116566,0.002747443,0.118037276,1,682
Sub-Saharan Africa,Senegal,2010,12635412.5,3.408409119,96.12142944,0.003573304,0.000319231,0,0.000319231,0.465946317,1,686
Sub-Saharan Africa,Senegal,2020,16789219.5,2.403386593,97.55647278,0.020703293,0.000304208,0,0.000304208,0.018828791,1,686
Europe,Serbia,2010,7395864.5,95.48233795,3.243606329,1.221846104,0.014110733,0.003397028,0.008428319,0.026272511,1,688
Europe,Serbia,2020,6907812,91.5355072,4.420050621,4.008869648,0.014541986,0.003533567,0.009566501,0.007928411,1,688
Sub-Saharan Africa,Seychelles,2010,94971,94.04729462,0.900057435,2.242945671,0.757506073,1.460481167,0,0.591716707,1,690
Sub-Saharan Africa,Seychelles,2020,120291,93.95184326,0.893116772,2.360452175,0.758078277,1.449170232,0,0.587337792,1,690
Sub-Saharan Africa,Sierra Leone,2010,6222714,18.12755394,81.55543518,0.096377656,0,0.006214366,0,0.214420065,1,694
Sub-Saharan Africa,Sierra Leone,2020,7912558,19.82931328,80.14663696,0.012038952,0,0.009715848,0,0.002295798,1,694
Asia-Pacific,Singapore,2010,5077014,18.26963806,15.5905962,16.60159683,33.01421738,5.378501892,0.005809912,11.13963795,1,702
Asia-Pacific,Singapore,2020,5620150.5,18.75891685,16.13864326,19.89608192,30.80149078,5.29460001,0.015228762,9.095038414,1,702
Europe,Slovakia,2010,5391851,75.06378174,0.040326726,24.69373512,0.052640829,0.005317528,0.041586626,0.1026114,1,703
Europe,Slovakia,2020,5455023.5,73.74530029,0.054791708,25.32966995,0.122730501,0.017808132,0.037891094,0.691805959,1,703
Europe,Slovenia,2010,2044612,72.39395905,0.92064786,26.44399834,0.022663288,0.100732282,0.011258853,0.106741734,1,705
Europe,Slovenia,2020,2102419.5,65.41543579,1.608627558,32.26738739,0.038389336,0.010602368,0.023140971,0.636416554,1,705
Asia-Pacific,Solomon Islands,2010,532968,95.28967285,0.268637002,0.292469054,0.319980055,0.009252517,0,3.819992304,1,90
Asia-Pacific,Solomon Islands,2020,744498,95.02237701,0.339874893,0.327515811,0.339874893,0.007233896,0,3.963122845,1,90
Sub-Saharan Africa,Somalia,2010,12261756.5,0.038002685,99.80715179,0.020963665,0,0.046939503,0,0.086940959,1,706
Sub-Saharan Africa,Somalia,2020,16651190.5,0.026225021,99.83339691,0.016120082,0,0.039998192,0,0.08425606,1,706
Sub-Saharan Africa,South Africa,2010,52344051,84.33209229,1.942576528,5.807097435,0.023915533,1.035702586,0.136140019,6.722476006,1,710
Sub-Saharan Africa,South Africa,2020,60562381,85.25711823,1.604882717,3.122110128,0.035529964,1.065007329,0.065178007,8.850171089,1,710
Asia-Pacific,South Korea,2010,48769332.5,32.13106155,0.210005358,41.33947754,25.57151985,0.031610403,0.000204863,0.716117084,1,410
Asia-Pacific,South Korea,2020,51858481.5,31.9855442,0.310002804,48.26361847,19.0005722,0.091812678,0.000192884,0.34825626,1,410
Sub-Saharan Africa,South Sudan,2010,9745953.5,58.69256973,6.231332302,0.449186146,0.002269053,0.002003497,0,34.6226387,1,728
Sub-Saharan Africa,South Sudan,2020,10698467,60.50164413,6.223001957,0.440300107,0.002269128,0.00200112,0,32.83078384,1,728
Europe,Spain,2010,46840471.5,78.64649963,2.11652422,18.96937752,0.009717961,0.046858408,0.025766127,0.185256228,1,724
Europe,Spain,2020,47679489,69.45676422,3.575252533,26.35974312,0.01773273,0.12520808,0.027235987,0.4380669,1,724
Asia-Pacific,Sri Lanka,2010,20879089,7.622633934,9.664055824,0.017901588,70.10184479,12.57998276,0.000338679,0.013244387,1,144
Asia-Pacific,Sri Lanka,2020,22561807,5.590357304,10.20240116,0.069881201,69.59994507,14.53492832,0.000276306,0.002210445,1,144
Latin America-Caribbean,St. Lucia,2010,170906.5,91.52119446,0.102435134,6.026498318,0,0.306692034,0,2.043182135,1,662
Latin America-Caribbean,St. Lucia,2020,178250.5,91.73370361,0.094947815,5.901278973,0,0.311326563,0,1.95874393,1,662
Latin America-Caribbean,St. Vincent and the Grenadines,2010,109958.5,86.30342102,0.107173033,7.873132706,0,0.085553266,0,5.630718231,1,670
Latin America-Caribbean,St. Vincent and the Grenadines,2020,103526,86.31412506,0.107066393,7.863911629,0,0.08554294,0,5.629357338,1,670
Middle East-North Africa,Sudan,2010,35414399.5,0.171913102,99.70120239,0.125550315,0,0.001333731,0,0,1,729
Middle East-North Africa,Sudan,2020,46789231,0.487978131,98.85551453,0.563212574,0,0.00123761,0,0.092053778,1,729
Latin America-Caribbean,Suriname,2010,549923,51.62850952,14.05850887,7.372706413,0.353428066,23.40077972,0.03662467,3.149442673,1,740
Latin America-Caribbean,Suriname,2020,612316.5,52.78678131,13.09019852,8.109276772,0.383813918,22.45373917,0.032945402,3.14324522,1,740
Europe,Sweden,2010,9378232,72.75215149,4.51724577,21.47082329,0.605774283,0.26036942,0.08912202,0.304513246,1,752
Europe,Sweden,2020,10353686.5,60.7713089,8.099198341,28.90637589,0.839671671,0.45201534,0.158362478,0.773067355,1,752
Europe,Switzerland,2010,7825753.5,73.34831238,5.072525501,20.08433723,0.546771646,0.522226632,0.244943976,0.180881217,1,756
Europe,Switzerland,2020,8640581.5,61.58049774,6.083072662,30.76514435,0.619091868,0.539418042,0.226010546,0.186763957,1,756
Middle East-North Africa,Syria,2010,22482420.5,8.589492798,89.46463776,1.934072495,0,0.008899363,0.000536921,0.002364934,1,760
Middle East-North Africa,Syria,2020,21049429,3.840747118,94.16599274,1.980045676,0,0.009999624,0.000559979,0.002657043,1,760
Asia-Pacific,Taiwan,2010,23224049,4.93721056,0.345205188,22.77386665,20.87269402,0,0,51.07102203,1,158
Asia-Pacific,Taiwan,2020,23663459,5.539291382,0.497803152,23.09183502,19.18875122,0,0,51.68231964,1,158
Asia-Pacific,Tajikistan,2010,7652140.5,1.000190496,98.91122437,0.07454811,0.005379321,0.004592103,0,0.004067292,1,762
Asia-Pacific,Tajikistan,2020,9749310.5,1.000219822,98.91412354,0.074550293,0.004191463,0.00366753,0,0.003248384,1,762
Sub-Saharan Africa,Tanzania,2010,44758487.5,61.68095398,35.38309097,2.177928209,0.000310349,0.009975499,0.000288181,0.747454345,1,834
Sub-Saharan Africa,Tanzania,2020,60972797.5,64.69165802,29.86781693,3.478159189,0.000178269,0.006482508,0.000178269,1.955531359,1,834
Asia-Pacific,Thailand,2010,68579447.5,1.218707085,5.04432869,0.071096636,93.44778442,0.071827345,0.000292952,0.145960003,1,764
Asia-Pacific,Thailand,2020,71641483.5,1.033611178,4.514589787,0.012629814,94.39245605,0.040371645,0.000279816,0.006059419,1,764
Asia-Pacific,Timor-Leste,2010,1084679.5,99.41512299,0.190802574,0.176391721,0.036748275,0.157676816,0,0.023256425,1,626
Asia-Pacific,Timor-Leste,2020,1326053.5,99.5353241,0.256671906,0.063858345,0.030312831,0.012914566,0,0.100920439,1,626
Sub-Saharan Africa,Togo,2010,6732590,58.40809631,16.21992302,7.568628788,0.001825969,0.00152164,0.00038041,17.7996254,1,768
Sub-Saharan Africa,Togo,2020,8669720.5,56.8842392,16.13814545,8.012784004,0.001539814,0.001184472,0.000296118,18.96181107,1,768
Asia-Pacific,Tonga,2010,107399.5,97.81140137,0.023360845,0.28027007,0.178135946,0.09730988,0,1.609519362,1,776
Asia-Pacific,Tonga,2020,105703.5,97.76400757,0.060463753,0.581340015,0.058603145,0.078757726,0,1.456825614,1,776
Latin America-Caribbean,Trinidad and Tobago,2010,1386654,69.57610321,5.544091702,2.549770355,0.032295112,20.88244247,0.00709071,1.408206344,1,780
Latin America-Caribbean,Trinidad and Tobago,2020,1481023.5,70.0174942,5.464284897,2.448547363,0.029391387,20.61724663,0.019760933,1.403274655,1,780
Middle East-North Africa,Tunisia,2010,10765980,0.229461744,99.3917923,0.370488912,0,0,0.008260623,0,1,788
Middle East-North Africa,Tunisia,2020,11974057,0.246675566,99.30379486,0.441310823,0,0,0.008222519,0,1,788
Asia-Pacific,Turkey,2010,73346769,0.650081873,98.62883759,0.182611182,0.042002544,0.032464851,0.024944743,0.439060688,1,792
Asia-Pacific,Turkey,2020,86091691.5,0.13598159,97.10687256,2.529001713,0.052905586,0.043144707,0.029282626,0.102810837,1,792
Asia-Pacific,Turkmenistan,2010,5564356,6.370560169,93.02088928,0.507795691,0.01137474,0.001898265,0.003796529,0.083682567,1,795
Asia-Pacific,Turkmenistan,2020,6949912,5.615219593,94.28793335,0.071888015,0.006719529,0.001599888,0.003199776,0.013439058,1,795
Latin America-Caribbean,U.S. Virgin Islands,2010,106311,94.77970123,0.106112011,3.723723888,0,0.424702555,0.330467701,0.635295808,1,850
Latin America-Caribbean,U.S. Virgin Islands,2020,87706.5,94.48110199,0.105340779,4.031678677,0,0.420405477,0.33325991,0.628214121,1,850
Sub-Saharan Africa,Uganda,2010,32390801.5,87.62872314,11.2058897,0.015459904,0.000618396,0.004637971,0.000278278,1.144390941,1,800
Sub-Saharan Africa,Uganda,2020,44457152.5,87.74430084,11.41293049,0.094881155,0.000800483,0.005336556,0.001040628,0.740711689,1,800
Europe,Ukraine,2010,46456002.5,85.45636749,0.902708113,13.23971939,0.100300901,0.011426565,0.100300901,0.189175248,1,804
Europe,Ukraine,2020,44680014.5,83.42977142,0.567826331,15.14456844,0.334418237,0.01266236,0.095710993,0.415044874,1,804
Middle East-North Africa,United Arab Emirates,2010,6938363,13.15628719,75.12831879,0.308697373,0.153635383,10.80302811,0.01381787,0.436217904,1,784
Middle East-North Africa,United Arab Emirates,2020,9448524,14.31364155,72.94023132,0.335835189,0.167142332,11.75353146,0.015009754,0.474605411,1,784
Europe,United Kingdom,2010,63006483,62.37902069,5.258263111,28.78405952,0.449345261,1.470571876,0.451687187,1.207051873,1,826
Europe,United Kingdom,2020,67351861.5,49.37041092,6.369117737,40.21815872,0.457109183,1.695444226,0.440775841,1.448984146,1,826
North America,United States,2010,311062790,78.27893829,0.891186774,16.45480537,1.15208292,0.575294912,1.83412683,0.813564777,1,840
North America,United States,2020,339436158.5,64.01000214,1.192380905,29.72999954,1.29174602,0.894285679,1.689206362,1.192380905,1,840
Latin America-Caribbean,Uruguay,2010,3318580,60.97925949,0.021475542,36.26379013,0,0,0.518992305,2.21648407,1,858
Latin America-Caribbean,Uruguay,2020,3398968,44.4913063,0.089302436,52.4098053,0,0,0.478261471,2.531326056,1,858
Asia-Pacific,Uzbekistan,2010,28385506.5,3.35731411,95.75060272,0.604316533,0.067146286,0.201438844,0.01502461,0.004157973,1,860
Asia-Pacific,Uzbekistan,2020,33586372,2.775307417,95.62223053,0.551984191,0.014764371,0.027500505,0.008351563,0.999862552,1,860
Asia-Pacific,Vanuatu,2010,238247.5,82.60792542,0.024444599,1.084741235,0.020370498,0.020370498,0.0162964,16.22585297,1,548
Asia-Pacific,Vanuatu,2020,298858.5,83.50376129,0.019250408,1.366455793,0.016042005,0.019250408,0.012833605,15.06241035,1,548
Latin America-Caribbean,Venezuela,2010,28813101,89.35803223,0.049807191,8.431073189,0.021335995,0,0.040026743,2.099724531,1,862
Latin America-Caribbean,Venezuela,2020,28444077.5,88.11541748,0.049069069,9.727750778,0.021340482,0,0.017549738,2.068873405,1,862
Asia-Pacific,Vietnam,2010,87455151.5,8.795362473,0.087436005,62.14483261,27.58589554,0.065549128,0.000143369,1.320779562,1,704
Asia-Pacific,Vietnam,2020,98079191,8.330019951,0.072078042,67.67364502,23.02081871,0.041288089,0.000127164,0.862020373,1,704
Middle East-North Africa,Western Sahara,2010,409715.5,0.165116146,99.51042175,0.283433408,0,0,0,0.041031256,1,732
Middle East-North Africa,Western Sahara,2020,549365,0.15418613,99.55184174,0.252959013,0,0,0,0.041015852,1,732
Middle East-North Africa,Yemen,2010,26754387,0.111194901,99.7796402,0.075613186,0.000547632,0.020206964,0.000969251,0.011827809,1,887
Middle East-North Africa,Yemen,2020,36134863.5,0.055731442,99.86302185,0.061554585,0.000546552,0.007743763,0.000202427,0.011200944,1,887
Sub-Saharan Africa,Zambia,2010,13965594,97.68292236,0.505516171,0.079393357,0.00217516,0.018198842,0.001232591,1.710559964,1,894
Sub-Saharan Africa,Zambia,2020,19059395,98.28038025,0.511289477,0.059753649,0.001901973,0.016061105,0.001003819,1.129607677,1,894
Sub-Saharan Africa,Zimbabwe,2010,13356547.5,84.44526672,0.502714932,12.48290062,0.043458719,0.048871588,0.003115321,2.47367239,1,716
Sub-Saharan Africa,Zimbabwe,2020,15526888.5,87.20018768,0.529105365,10.53988743,0.037205644,0.038111851,0.001276351,1.654226065,1,716
